company,attack_vector,mitre_attack_technique,data_compromised,operational_impact,attacker_named,confidence,filed_date,source_url
Brandywine Realty Trust,ransomware,T1486,['PII'],"Disruptions and limitation of access to portions of business applications supporting operations and corporate functions, including financial and operating reporting systems, though real estate operations continued in all material respects.",,high,2024-05-28,https://www.sec.gov/Archives/edgar/data/790816/000119312524147625/d774339d8ka.htm
"United Natural Foods, Inc.",unknown_unauthorized_access,,[],"Proactively taking certain systems offline temporarily impacted the Company’s ability to fulfill and distribute customer orders, resulting in reduced sales volume, increased operational costs, and direct expenses related to investigation and remediation.",,high,2025-06-26,https://www.sec.gov/Archives/edgar/data/1020859/000102085925000036/unfi-20250621.htm
Data I/O Corporation,ransomware,T1486,[],"Temporarily impacted internal/external communications, shipping, receiving, manufacturing production, and various other support functions.",,high,2025-08-21,https://www.sec.gov/Archives/edgar/data/351998/000165495425009925/daio_8k.htm
"Sonic Automotive, Inc.",third_party_vendor,,[],"Disruptions in access to certain information systems provided by CDK Global, including dealer management system (DMS), customer relationship management system (CRM), customer lead applications, inventory management applications, and related third-party application integrations, resulting in a material impact on Q2 earnings.",,high,2024-08-05,https://www.sec.gov/Archives/edgar/data/1043509/000104350924000063/sah-20240705.htm
Data I/O Corporation,ransomware,T1486,[],"Temporarily impacted internal/external communications, shipping, receiving, manufacturing production, and various other support functions.",,high,2025-09-10,https://www.sec.gov/Archives/edgar/data/351998/000165495425010613/daio_8k.htm
"8x8, Inc.",third_party_vendor,,"['competitively sensitive information', 'fragmented contract and opportunity information', 'sales team notes', 'contact information (names, business addresses, phone numbers and email addresses of the customers)']",,,high,2026-06-23,https://www.sec.gov/Archives/edgar/data/1023731/000102373126000084/eght-20260617.htm
"CareCloud, Inc.",unknown_unauthorized_access,,['patient information'],temporary network disruption in CareCloud Health division partially impacting functionality and data access to 1 of 6 electronic health record environments for approximately 8 hours,,medium,2026-03-27,https://www.sec.gov/Archives/edgar/data/1582982/000149315226013239/form8-k.htm
"iRhythm Holdings, Inc.",third_party_vendor,T1566,"['proprietary data', 'patient protected health information', 'personal information']","None identified; no impact to products, clinical or medical device systems, patient safety, manufacturing, distribution, financial reporting, or the company's ability to meet patient needs.",,high,2026-06-15,https://www.sec.gov/Archives/edgar/data/1388658/000138865826000055/irtc-20260610.htm
"LEE ENTERPRISES, INCORPORATED",ransomware,T1486,[],"System outage, encrypted critical applications, limited depth of products due to tightened schedules, and delays in back-office functions including client billing, collections, and vendor payments.",,high,2025-03-06,https://www.sec.gov/Archives/edgar/data/58361/000162828025010944/lee-20250212.htm
Nucor Corporation,unknown_unauthorized_access,,[],"temporary limitation of access to IT applications supporting operations at some facilities, and proactive halting of certain production operations at various locations",,medium,2025-06-20,https://www.sec.gov/Archives/edgar/data/73309/000119312525143135/d926586d8ka.htm
AdaptHealth Corp.,other,T1539,"['passwords', 'PII', 'health records']",,,high,2026-07-02,https://www.sec.gov/Archives/edgar/data/1725255/000110465926080297/ahco-20260627x8k.htm
Bitcoin Depot Inc.,credential_compromise,T1539,[],Loss of approximately 50.903 Bitcoin valued at approximately $3.665 million transferred without authorization from Company-controlled wallets.,,high,2026-04-08,https://www.sec.gov/Archives/edgar/data/1901799/000119312526147772/btm-20260406.htm
"F5, Inc.",unknown_unauthorized_access,,"['source code', 'undisclosed vulnerabilities information', 'configuration or implementation information']","As of the date of disclosure, this incident has not had a material impact on the Company's operations.",,high,2025-10-15,https://www.sec.gov/Archives/edgar/data/1048695/000104869525000149/ffiv-20251015.htm
AT&T INC.,third_party_vendor,T1530,"['customer call and text interaction records', 'telephone numbers', 'counts of interactions', 'aggregate call duration', 'cell site identification numbers']",,,high,2024-07-12,https://www.sec.gov/Archives/edgar/data/732717/000073271724000046/t-20240506.htm
River Financial Corporation,ransomware,T1486,[],Certain operations have been impacted; administrative accounts disabled and impacted systems taken offline.,,high,2026-06-25,https://www.sec.gov/Archives/edgar/data/1641601/000119312526282946/ck0001641601-20260619.htm
RIVER FINANCIAL CORPORATION,unknown_unauthorized_access,,['PII'],,,low,2026-07-17,https://www.sec.gov/Archives/edgar/data/1641601/000119312526307288/ck0001641601-20260619.htm
RIVER FINANCIAL CORPORATION,insufficient_data,,['PII'],,,low,2026-07-06,https://www.sec.gov/Archives/edgar/data/1641601/000119312526295704/ck0001641601-20260619.htm
Federal Home Loan Bank of New York,third_party_vendor,,[],,,high,2024-03-01,https://www.sec.gov/Archives/edgar/data/1329842/000165495424002505/fhlbny_8k.htm
RIVER FINANCIAL CORPORATION,unknown_unauthorized_access,T1567,[],,,medium,2026-07-10,https://www.sec.gov/Archives/edgar/data/1641601/000119312526300763/ck0001641601-20260619.htm
GLOBE LIFE INC.,unknown_unauthorized_access,T1078,"['consumer information', 'policyholder information']","Removal of external web access to the affected portal, though operations will not be significantly impacted.",,medium,2024-06-14,https://www.sec.gov/Archives/edgar/data/320335/000032033524000029/gl-20240614.htm
"DICK'S SPORTING GOODS, INC.",unknown_unauthorized_access,,['confidential information'],,,medium,2024-08-28,https://www.sec.gov/Archives/edgar/data/1089063/000108906324000104/dks-20240821.htm
Karat Packaging Inc.,unknown_unauthorized_access,,[],,,low,2024-10-23,https://www.sec.gov/Archives/edgar/data/1758021/000121390024089965/ea0218366-8k_karat.htm
Navient Corporation,third_party_vendor,T1486,"['PII', 'SSN', 'customer names', 'date of birth', 'addresses']",,,high,2026-07-02,https://www.sec.gov/Archives/edgar/data/1593538/000114036126027441/ef20077249_8k.htm
"WYTEC INTERNATIONAL, INC.",unknown_unauthorized_access,,[],"Website defaced and taken offline, inability to operate website, and cancellation of a seminar scheduled for September 2, 2025.",,high,2025-08-29,https://www.sec.gov/Archives/edgar/data/1560143/000168316825006583/wytec_8k.htm
Key Tronic Corporation,unknown_unauthorized_access,,[],"Disruptions and limitation of access to portions of business applications supporting operations and corporate functions, including financial and operating reporting systems.",,medium,2024-05-10,https://www.sec.gov/Archives/edgar/data/719733/000071973324000015/ktcc-20240506.htm
ENGlobal Corporation,ransomware,T1486,[],Access to the Company's IT system is limited to essential business operations and the timing of restoration of full access remains unclear.,,medium,2024-12-02,https://www.sec.gov/Archives/edgar/data/933738/000165495424015098/eng_8k.htm
"WYTEC INTERNATIONAL, INC.",unknown_unauthorized_access,T1491,[],"Website defaced and subsequently taken down, requiring restoration from backups, rebuilding on a new server and hosting platform, and enhancing security protocols.",,high,2026-02-03,https://www.sec.gov/Archives/edgar/data/1560143/000168316826000732/wytec_8ka1.htm
"Frontier Communications Parent, Inc.",unknown_unauthorized_access,,['PII'],Shutting down certain of the Company’s systems as a containment measure resulted in an operational disruption that could be considered material.,,medium,2024-04-18,https://www.sec.gov/Archives/edgar/data/20520/000119312524100764/d784189d8k.htm
UnitedHealth Group Incorporated,third_party_vendor,,[],"Certain networks and transactional services may not be accessible, and the company proactively isolated impacted Change Healthcare systems to contain the incident.",,medium,2024-02-22,https://www.sec.gov/Archives/edgar/data/731766/000073176624000045/unh-20240221.htm
"National Presto Industries, Inc.",unknown_unauthorized_access,,[],"Temporarily impacted operations including shipping and receiving, some manufacturing processes, and various other back office functions.",,low,2025-03-06,https://www.sec.gov/Archives/edgar/data/80172/000143774925006475/npk20250306_8k.htm
"MarineMax, Inc.",unknown_unauthorized_access,,[],"Disruption to a portion of the Company's business resulting from containment measures, though operations continued in all material respects.",,medium,2024-03-12,https://www.sec.gov/Archives/edgar/data/1057060/000095017024030041/hzo-20240310.htm
First American Financial Corporation,unknown_unauthorized_access,T1486,[],Systems isolated from the Internet; interruption in normal business operations with ongoing efforts to restore access and resume operations.,,medium,2023-12-29,https://www.sec.gov/Archives/edgar/data/1472787/000095017023073848/faf-20231220.htm
"CB Financial Services, Inc.",other,,"['customer names', 'social security numbers', 'dates of birth', 'non-public customer information']",,,high,2026-05-11,https://www.sec.gov/Archives/edgar/data/1605301/000160530126000021/cbfv-20260507.htm
UNITEDHEALTH GROUP INCORPORATED,insufficient_data,,[],Disruption of Change Healthcare services requiring restoration progress and ongoing data assessment.,,low,2024-04-24,https://www.sec.gov/Archives/edgar/data/731766/000073176624000150/unh-20240221.htm
"LEE ENTERPRISES, INCORPORATED",ransomware,T1486,['PII'],"Systems outage impacting product distribution, billing, collections, and vendor payments. Print publication distribution experienced delays, online operations partially limited, weekly and ancillary products not yet restored, and temporary manual processing required.",,high,2025-02-18,https://www.sec.gov/Archives/edgar/data/58361/000162828025005855/lee-20250212.htm
"Cencora, Inc.",unknown_unauthorized_access,,['personal information'],None reported; the incident has not had a material impact on operations and information systems continue to be operational.,,low,2024-02-27,https://www.sec.gov/Archives/edgar/data/1140859/000110465924028288/tm247267d1_8k.htm
First American Financial Corporation,unknown_unauthorized_access,,[],"Isolated systems from the Internet, disruption to normal operations, and primary website may be inaccessible or inoperative.",,medium,2023-12-22,https://www.sec.gov/Archives/edgar/data/1472787/000095017023072513/faf-20231220.htm
"Prudential Financial, Inc.",unknown_unauthorized_access,,"['administrative and user data', 'employee and contractor user accounts']",,,medium,2024-02-13,https://www.sec.gov/Archives/edgar/data/1137774/000119312524033753/d770643d8k.htm
Microsoft Corporation,other,T1114,"['personal information', 'email communications']",The incident has not had a material impact on the Company's operations as of the date of the filing.,nation-state associated threat actor (Midnight Blizzard),high,2024-01-19,https://www.sec.gov/Archives/edgar/data/789019/000119312524011295/d708866d8k.htm
Meta Materials Inc.,insider,,[],"Website, email system, and other related IT systems were significantly disrupted and taken offline, impacting delivery and receipt of electronic email communications from customers, investors, and stakeholders.",,high,2024-08-01,https://www.sec.gov/Archives/edgar/data/1431959/000095017024089345/mmat-20240725.htm
HALLIBURTON COMPANY,unknown_unauthorized_access,,[],Disruptions and limitation of access to portions of the company's business applications supporting aspects of operations and corporate functions; systems proactively taken offline.,,medium,2024-09-03,https://www.sec.gov/Archives/edgar/data/45012/000004501224000052/hal-20240830.htm
"Upbound Group, Inc",unknown_unauthorized_access,,"['non-sensitive customer information', 'other documents']",Elevated fraudulent contract losses of approximately $13 million in the Company's Acima segment during the second quarter of 2026 due to information being used to facilitate fraudulent lease-to-own agreements.,,high,2026-07-22,https://www.sec.gov/Archives/edgar/data/933036/000119312526310605/upbd-20260721.htm
BayFirst Financial Corp.,third_party_vendor,,"['name', 'date of birth', 'social security/tax identification numbers']",None quantified; incident was limited to the third-party provider's environment.,,high,2025-10-30,https://www.sec.gov/Archives/edgar/data/1649739/000164973925000246/bafn-20251028.htm
Hewlett Packard Enterprise Company,unknown_unauthorized_access,T1566,[],,Midnight Blizzard,high,2024-01-24,https://www.sec.gov/Archives/edgar/data/1645590/000164559024000009/hpe-20240119.htm
UNITEDHEALTH GROUP INCORPORATED,unknown_unauthorized_access,,[],"Disruption to pharmacy, medical claims, and payment services related to Change Healthcare.",,low,2024-03-08,https://www.sec.gov/Archives/edgar/data/731766/000073176624000085/unh-20240221.htm
"Prudential Financial, Inc.",unknown_unauthorized_access,,"['client information', 'personally identifiable information', 'Company administrative data', 'user data', 'employee and contractor user accounts']","As of the date of this Report, the incident has not had a material impact on the Company’s operations.",,high,2024-02-21,https://www.sec.gov/Archives/edgar/data/1137774/000119312524040749/d766318d8ka.htm
"ZOOMCAR HOLDINGS, INC.",unknown_unauthorized_access,,['PII'],"To date, the incident has not resulted in any material disruption to the Company’s operations.",,high,2025-06-13,https://www.sec.gov/Archives/edgar/data/1854275/000121390025054319/ea0245724-8k_zoomcar.htm
"MarineMax, Inc.",unknown_unauthorized_access,,"['PII', 'customer information', 'employee information']","Containment measures resulted in some disruption to a portion of the Company's business, though operations continued in all material respects.",,medium,2024-04-01,https://www.sec.gov/Archives/edgar/data/1057060/000095017024038881/hzo-20240310.htm
Nucor Corporation,unknown_unauthorized_access,,[],"Temporarily and proactively halted certain production operations at various locations, with operations currently in the process of being restarted.",,medium,2025-05-14,https://www.sec.gov/Archives/edgar/data/73309/000119312525119311/d795264d8k.htm
Key Tronic Corporation,unknown_unauthorized_access,,['PII'],"Halted domestic and Mexico operations for approximately two weeks; disruptions and limitation of access to business applications supporting operations, corporate functions, and financial/operating reporting systems.",,high,2024-06-14,https://www.sec.gov/Archives/edgar/data/719733/000071973324000035/ktcc-20240506.htm
"WEST PHARMACEUTICAL SERVICES, INC.",ransomware,T1486,[],"Systems taken offline globally for containment; core enterprise systems and critical processes for manufacturing, receiving, and shipping temporarily disrupted before being restarted and fully restored.",,medium,2026-05-20,https://www.sec.gov/Archives/edgar/data/105770/000010577026000077/wst-20260507.htm
Trio-Tech International,ransomware,T1486,[],Network taken offline proactively; no material disruption to operations reported as of the filing date.,,medium,2026-03-20,https://www.sec.gov/Archives/edgar/data/732026/000143774926009193/trt20260320_8k.htm
SENSATA TECHNOLOGIES HOLDING PLC,ransomware,T1486,[],"Temporarily impacted operations, including shipping, receiving, manufacturing production, and various other support functions.",,high,2025-04-09,https://www.sec.gov/Archives/edgar/data/1477294/000147729425000047/st-20250406.htm
First American Financial Corporation,unknown_unauthorized_access,,[],"Certain transactions planned for the fourth quarter of 2023 were delayed, resulting in revenue recognition being pushed to the first quarter of 2024. Other transactions were moved to alternative providers, causing a loss of revenue. Receipt of notices of title policy issuance from agents was delayed, delaying related revenue recognition. The company also incurred one-time expenses and temporarily isolated systems from the internet.",,medium,2024-01-12,https://www.sec.gov/Archives/edgar/data/1472787/000095017024004247/faf-20231220.htm
"Radiant Logistics, Inc.",unknown_unauthorized_access,,[],Service delays for customers in Canada due to network isolation and security protocols,,medium,2024-03-20,https://www.sec.gov/Archives/edgar/data/1171155/000095017024033954/rlgt-20240319.htm
Key Tronic Corporation,unknown_unauthorized_access,,['PII'],"Disruptions and limitation of access to IT systems supporting business applications, financial and operating reporting systems; domestic and Mexico operations halted for approximately two weeks.",,high,2024-08-06,https://www.sec.gov/Archives/edgar/data/719733/000071973324000047/ktcc-20240506.htm
"OraSure Technologies, Inc.",unknown_unauthorized_access,T1567,[],,,medium,2024-04-12,https://www.sec.gov/Archives/edgar/data/1116463/000119312524094797/d825009d8k.htm
"Sonic Automotive, Inc.",third_party_vendor,,[],"Disruptions in access to information systems provided by CDK Global, including the dealer management system (DMS), customer relationship management system (CRM), and other systems supporting sales, inventory, and accounting functions, resulting in a slower rate of vehicle sales.",,high,2024-07-05,https://www.sec.gov/Archives/edgar/data/1043509/000104350924000060/sah-20240705.htm
Microsoft Corporation,unknown_unauthorized_access,,"['employee email accounts', 'source code']",,Midnight Blizzard,medium,2024-03-08,https://www.sec.gov/Archives/edgar/data/789019/000119312524062997/d808756d8ka.htm
ENGlobal Corporation,ransomware,T1486,['PII'],"Limited ability to access portions of business applications supporting operations and corporate functions, including financial and operating reporting systems, for approximately six weeks.",,high,2025-01-27,https://www.sec.gov/Archives/edgar/data/933738/000165495425000798/eng_8ka.htm
Jewett-Cameron Trading Co. Ltd.,ransomware,T1486,"['IT related information', 'financial information']","Disruptions and limitation of access to portions of business applications supporting aspects of operations and corporate functions, which were voluntarily taken offline as a precautionary measure.",,high,2025-10-21,https://www.sec.gov/Archives/edgar/data/885307/000107997325001631/jctc_8k.htm
"Krispy Kreme, Inc.",unknown_unauthorized_access,,[],Operational disruptions including online ordering in parts of the United States,,medium,2024-12-11,https://www.sec.gov/Archives/edgar/data/1857154/000185715424000123/dnut-20241211.htm
"Able Laboratories, Inc.",insufficient_data,,[],,,low,2006-07-21,https://www.sec.gov/Archives/edgar/data/857171/000091412106002441/ab92071-8k.txt
"Cencora, Inc.",unknown_unauthorized_access,T1567,"['PII', 'PHI']","The incident has not had a material impact on the Company’s operations, and its information systems have continued to be fully operational.",,medium,2024-07-31,https://www.sec.gov/Archives/edgar/data/1140859/000110465924084351/tm2420501d1_8ka.htm
SouthState Corporation,unknown_unauthorized_access,,['PII'],significant impact on certain of SouthState's business processes,,low,2024-03-29,https://www.sec.gov/Archives/edgar/data/764038/000155837024004390/ssb-20240206x8ka.htm
V.F. Corporation,ransomware,T1486,['personal data'],Disruption of business operations through encryption of some IT systems and data theft; proactive shutdown of some systems; impact on the ability to fulfill orders on brand e-commerce sites; operational disruptions at VF-operated retail stores globally despite them remaining open.,,high,2023-12-18,https://www.sec.gov/Archives/edgar/data/103379/000095012323011228/d659095d8k.htm
CONDUENT INCORPORATED,unknown_unauthorized_access,,['PII'],"Operational disruption that was resolved within days or hours, with no material impact to operations.",,high,2025-04-14,https://www.sec.gov/Archives/edgar/data/1677703/000167770325000067/cndt-20250409.htm
"Coupang, Inc.",insider,,"['name', 'phone number', 'delivery address', 'email address', 'order histories']","Operations have not been materially disrupted, though management's attention has been diverted and the former chief executive officer of the Korean subsidiary resigned.",,high,2025-12-16,https://www.sec.gov/Archives/edgar/data/1834584/000183458425000196/cpng-20251215.htm
"The Oncology Institute, Inc.",third_party_vendor,,"['patient personal information', 'healthcare and other personal information']",None stated; operations have continued in all material respects.,,medium,2026-05-22,https://www.sec.gov/Archives/edgar/data/1799191/000107997326000721/toi_8k.htm
"B. Riley Financial, Inc.",unknown_unauthorized_access,,[],temporary interruption in the business operations of the Targus network due to proactive containment measures,,medium,2024-04-08,https://www.sec.gov/Archives/edgar/data/1464790/000121390024031252/ea0203500-8k_briley.htm
"CRIMSON WINE GROUP, LTD.",unknown_unauthorized_access,,['PII'],"Shutting down certain systems to isolate operations from the Internet, resulting in disruption to business operations and limitation of access to portions of business applications supporting operations and corporate functions, including financial and operating reporting systems.",,high,2024-07-25,https://www.sec.gov/Archives/edgar/data/1562151/000156215124000032/cwgl-20240725.htm
"West Pharmaceutical Services, Inc.",ransomware,T1486,[],"Temporarily disrupted business operations globally due to proactive containment (taking systems offline); core enterprise systems restored, critical processes for shipping, receiving, and manufacturing restarted at some sites with restoration of remaining sites in process.",,medium,2026-05-11,https://www.sec.gov/Archives/edgar/data/105770/000010577026000068/wst-20260507.htm
"Dropbox, Inc.",unknown_unauthorized_access,,"['emails', 'usernames', 'general account settings', 'phone numbers', 'hashed passwords', 'API keys', 'OAuth tokens', 'multi-factor authentication information']","None reported that materially impacted overall business operations or financial condition, limited to Dropbox Sign infrastructure.",,high,2024-05-01,https://www.sec.gov/Archives/edgar/data/1467623/000146762324000024/dbx-20240429.htm
"BASSETT FURNITURE INDUSTRIES, INCORPORATED",ransomware,T1486,[],"Manufacturing facilities shut down, order fulfillment impacted, and business operations disrupted due to data encryption and system containment measures.",,high,2024-07-15,https://www.sec.gov/Archives/edgar/data/10329/000143774924022743/bset20240715_8k.htm
"Bassett Furniture Industries, Incorporated",unknown_unauthorized_access,,[],"Disruption to certain operations, including interrupted manufacturing at domestic plants, delayed order fulfillment for the retail network, and delayed wholesale shipments.",,medium,2024-08-06,https://www.sec.gov/Archives/edgar/data/10329/000143774924024679/bset20240805_8ka.htm
"Coinbase Global, Inc.",insider,,"['PII', 'SSN', 'financial records', 'health records', 'Government-ID images', 'Account data', 'Corporate data']","None reported as of the date of the filing, though preliminary estimated expenses range from $180 million to $400 million.",,high,2025-05-15,https://www.sec.gov/Archives/edgar/data/1679788/000167978825000094/coin-20250514.htm
"UFP Technologies, Inc.",unknown_unauthorized_access,,[],Affected functions such as billing and label making for customer deliveries; certain IT systems impacted.,,medium,2026-02-24,https://www.sec.gov/Archives/edgar/data/914156/000162828026011152/ufpt-20260219.htm
"Coupang, Inc.",unknown_unauthorized_access,,['customer account data'],,,medium,2025-12-29,https://www.sec.gov/Archives/edgar/data/1834584/000183458425000202/cpng-20251215.htm
Brandywine Realty Trust,ransomware,T1486,"['personal information', 'sensitive information']","Disruptions to and limitation of access to portions of business applications supporting corporate functions and operations, including financial and operating reporting systems; temporary shutdown of some systems.",,high,2024-05-07,https://www.sec.gov/Archives/edgar/data/790816/000119312524133132/d824906d8k.htm
Stryker Corporation,insufficient_data,,[],"Disruptions to business operations, global manufacturing network, and commercial, ordering, and distribution systems; impact on first quarter 2026 financial results.",,low,2026-04-09,https://www.sec.gov/Archives/edgar/data/310764/000119312526149607/d112875d8ka.htm
V.F. Corporation,unknown_unauthorized_access,,['PII'],"Disruption to operations including interrupted replenishment of retail store inventory, delayed order fulfillment, customer/consumer cancellations of product orders, reduced demand on e-commerce sites, and delayed wholesale shipments.",,high,2024-01-18,https://www.sec.gov/Archives/edgar/data/103379/000119312524010243/d641969d8ka.htm
SouthState Corporation,unknown_unauthorized_access,,,"Proactively isolated parts of the network, resulting in some disruption to business processes.",,low,2024-02-09,https://www.sec.gov/Archives/edgar/data/764038/000095010324002017/dp206600_8k.htm
Local Financial Corporation,insufficient_data,,[],,,high,2002-07-19,https://www.sec.gov/Archives/edgar/data/1047125/000095013402008606/d98407exv99.txt
"iLearningEngines, Inc.",unknown_unauthorized_access,,[],"Misdirected a $250,000 wire payment (unrecovered), deleted email messages, diversion of management’s attention, potential litigation, changes in customer or investor behavior, and regulatory scrutiny.",,medium,2024-11-18,https://www.sec.gov/Archives/edgar/data/1835972/000121390024099394/ea0221424-8k_ilearning.htm
"GLOBAL NUTECH, INC.",insufficient_data,,,,,low,2011-12-30,https://www.sec.gov/Archives/edgar/data/1429627/000114420411072392/v244309_ex2-1.htm
Cincinnati Financial Corporation,insufficient_data,,[],,,low,2005-02-02,https://www.sec.gov/Archives/edgar/data/20286/000127528705000360/cf1953ex991.txt
,insufficient_data,,[],,,low,2025-02-20,https://www.sec.gov/Archives/edgar/data/1750735/000110465925015733/tm256723d2_ex10-1.htm
"Global Nutech, Inc.",insufficient_data,,[],,,low,2012-02-09,https://www.sec.gov/Archives/edgar/data/1429627/000114420412007007/v301795_ex2-1.htm
The Scotts Company,insufficient_data,,,,,low,2002-09-13,https://www.sec.gov/Archives/edgar/data/825542/000095012302008900/l96214aexv13.txt
The Scotts Company,insufficient_data,,[],,,low,2002-06-24,https://www.sec.gov/Archives/edgar/data/825542/000095015202004984/l94887aexv13.txt
,insufficient_data,,[],,,low,2014-02-18,https://www.sec.gov/Archives/edgar/data/61398/000006139814000006/ex101-mpntshareandsalede.htm
"CID Holdco, Inc.",insufficient_data,,[],,,low,2026-07-22,https://www.sec.gov/Archives/edgar/data/2033770/000121390026080208/ea029882601ex10-1.htm
Equifax Inc.,unknown_unauthorized_access,,,,,low,2019-07-24,https://www.sec.gov/Archives/edgar/data/33185/000003318519000022/exhibit99120190630.htm
Equifax Inc.,insufficient_data,,[],,,low,2019-05-10,https://www.sec.gov/Archives/edgar/data/33185/000003318519000014/exhibit99120190331.htm
Equifax Inc.,insufficient_data,,[],,,low,2020-04-20,https://www.sec.gov/Archives/edgar/data/33185/000003318520000024/exhibit99120200331.htm
Equifax Inc.,insufficient_data,,[],,,low,2020-02-12,https://www.sec.gov/Archives/edgar/data/33185/000003318520000004/a2019q48-kexhibit991.htm
Equifax Inc.,insufficient_data,,[],,,low,2020-07-22,https://www.sec.gov/Archives/edgar/data/33185/000003318520000038/exhibit99120200630.htm
Equifax Inc.,insufficient_data,,[],,,low,2021-02-11,https://www.sec.gov/Archives/edgar/data/33185/000003318521000017/a2020q48-kaexhibit991.htm
Molson Coors Beverage Company,insufficient_data,,[],"Systems outages causing delays and disruptions in brewery operations, production, and shipments in the U.K., Canada, and the U.S.; shifting between 1.8 and 2.0 million hectoliters of production and shipments and between $120 million to $140 million of underlying EBITDA from the first quarter 2021 to the balance of the fiscal year.",,medium,2021-03-26,https://www.sec.gov/Archives/edgar/data/24545/000115752321000389/a52402019ex99_1.htm
Equifax Inc.,insufficient_data,,[],,,low,2018-10-24,https://www.sec.gov/Archives/edgar/data/33185/000003318518000039/exhibit99120180930.htm
Equifax Inc.,insufficient_data,,[],,,low,2019-10-23,https://www.sec.gov/Archives/edgar/data/33185/000003318519000030/exhibit99120190930.htm
Equifax Inc.,insufficient_data,,[],,,low,2019-02-20,https://www.sec.gov/Archives/edgar/data/33185/000003318519000004/a2018q48-kexhibit991.htm
Equifax Inc.,insufficient_data,,[],,,low,2021-02-10,https://www.sec.gov/Archives/edgar/data/33185/000003318521000013/a2020q48-kexhibit991.htm
Equifax Inc.,insufficient_data,,[],,,low,2018-04-25,https://www.sec.gov/Archives/edgar/data/33185/000003318518000017/exhibit99120180331.htm
NioCorp Developments Ltd.,unknown_unauthorized_access,,[],misdirected vendor payments totaling approximately $0.5 million,,high,2025-02-19,https://www.sec.gov/Archives/edgar/data/1512228/000153949725000735/n2574_x251-8k.htm
Equifax Inc.,insufficient_data,,[],,,low,2018-07-25,https://www.sec.gov/Archives/edgar/data/33185/000003318518000025/exhibit99120180630.htm
Equifax Inc.,insufficient_data,,[],,,low,2022-02-09,https://www.sec.gov/Archives/edgar/data/33185/000003318522000006/a2021q48-kexhibit991.htm
Equifax Inc.,insufficient_data,,[],,,low,2020-10-21,https://www.sec.gov/Archives/edgar/data/33185/000003318520000049/exhibit99120200930.htm
"loanDepot, Inc.",unknown_unauthorized_access,,['sensitive personal information'],Recording approximately $12 to $17 million of expenses in the first quarter of 2024 (net of expected insurance recovery) and named as a defendant in several lawsuits seeking monetary and injunctive relief.,,medium,2024-02-27,https://www.sec.gov/Archives/edgar/data/1831631/000183163124000020/ldi-20240104.htm
Equifax Inc.,insufficient_data,,[],,,low,2021-04-21,https://www.sec.gov/Archives/edgar/data/33185/000003318521000030/exhibit99120210331.htm
"INOTIV, INC.",ransomware,T1486,[],"Disruptions to certain business operations, temporarily impacted the availability of and access to certain networks and systems, including access to portions of internal data storage and certain internal business applications.",,medium,2025-08-18,https://www.sec.gov/Archives/edgar/data/720154/000162828025040658/notv-20250808.htm
"INOTIV, INC.",insufficient_data,,"['PII', 'health records']","disruptions to certain business operations of the Company, affecting networks, systems, and functions",,medium,2025-09-25,https://www.sec.gov/Archives/edgar/data/720154/000162828025042837/notv-20250821.htm
Stryker Corporation,insufficient_data,,[],"Global disruption to the Company's Microsoft environment, including order processing, manufacturing, and shipping.",,medium,2026-03-12,https://www.sec.gov/Archives/edgar/data/310764/000119312526104431/d101097d8k.htm
Equifax Inc.,insufficient_data,,[],,,low,2017-11-09,https://www.sec.gov/Archives/edgar/data/33185/000003318517000033/exhibit99120170930.htm
"loanDepot, Inc.",insufficient_data,,[],"Incident affected certain of the Company's systems, involving delays in verifying information technology systems.",,low,2024-01-22,https://www.sec.gov/Archives/edgar/data/1831631/000183163124000011/ldi-20240104.htm
"Popular, Inc.",third_party_vendor,,"['personal information', 'debit card numbers']",,,high,2026-06-09,https://www.sec.gov/Archives/edgar/data/763901/000119312526263044/d46942d8k.htm
Equifax Inc.,insufficient_data,,[],,,low,2018-03-01,https://www.sec.gov/Archives/edgar/data/33185/000003318518000013/a2017q48-kexhibit991.htm
"loanDepot, Inc.",unknown_unauthorized_access,,[],,,low,2025-11-06,https://www.sec.gov/Archives/edgar/data/1831631/000183163125000218/a3q25investorpresentatio.htm
Equifax,insufficient_data,,[],,,high,2023-04-19,https://www.sec.gov/Archives/edgar/data/33185/000003318523000019/exhibit99120230331.htm
Stryker Corporation,unknown_unauthorized_access,,[],"Global disruption to the company's Microsoft environment, causing disruptions and limitations of access to certain information systems and business applications supporting operations and corporate functions.",,medium,2026-03-11,https://www.sec.gov/Archives/edgar/data/310764/000119312526102460/d76279d8k.htm
Stryker Corporation,unknown_unauthorized_access,,[],"Disruption to the Company's corporate network environment, including but not limited to the Microsoft environment.",,medium,2026-03-23,https://www.sec.gov/Archives/edgar/data/310764/000119312526118634/d94012d8k.htm
ADT Inc.,unknown_unauthorized_access,,"['customer order information', 'email addresses', 'phone numbers', 'postal addresses']",None reported; the company stated the incident has not materially impacted operations.,,high,2024-08-08,https://www.sec.gov/Archives/edgar/data/1703056/000095015724001064/form8k.htm
Equifax Inc.,insufficient_data,,[],,,low,2021-07-21,https://www.sec.gov/Archives/edgar/data/33185/000003318521000039/exhibit99120210630.htm
"INOTIV, INC.",insufficient_data,,[],,,low,2026-05-18,https://www.sec.gov/Archives/edgar/data/720154/000110465926063032/tm2614614d1_8k.htm
"loanDepot, Inc.",unknown_unauthorized_access,,[],,,low,2026-05-05,https://www.sec.gov/Archives/edgar/data/1831631/000183163126000057/a1q26investorpresentatio.htm
Equifax,insufficient_data,,[],,,low,2022-07-20,https://www.sec.gov/Archives/edgar/data/33185/000003318522000038/exhibit99120220630.htm
"loanDepot, Inc.",unknown_unauthorized_access,,[],,,low,2026-03-10,https://www.sec.gov/Archives/edgar/data/1831631/000183163126000025/a4q25investorpresentatio.htm
Equifax,insufficient_data,,[],,,high,2023-07-19,https://www.sec.gov/Archives/edgar/data/33185/000003318523000029/exhibit99120230630.htm
LOGITECH INTERNATIONAL S.A.,third_party_vendor,T1190,"['limited information about employees and consumers', 'data relating to customers and suppliers']",,,high,2025-11-14,https://www.sec.gov/Archives/edgar/data/1032975/000103297525000085/logi-20251114.htm
Equifax Inc.,insufficient_data,,[],,,high,2023-02-08,https://www.sec.gov/Archives/edgar/data/33185/000003318523000004/a2022q48-kexhibit991.htm
Equifax Inc.,insufficient_data,,[],,,low,2021-10-20,https://www.sec.gov/Archives/edgar/data/33185/000003318521000051/exhibit99120210930.htm
Equifax,insufficient_data,,[],,,low,2022-04-20,https://www.sec.gov/Archives/edgar/data/33185/000003318522000019/exhibit99120220331.htm
FXCM Inc.,unknown_unauthorized_access,T1078,['customer information'],small number of unauthorized wire transfers from customer accounts (all funds returned),,medium,2015-10-01,https://www.sec.gov/Archives/edgar/data/1499912/000114420415057524/v421353_ex99-1.htm
DocGo Inc.,unknown_unauthorized_access,,"['protected health information', 'healthcare records']",None reported; incident has not had a material impact on operations.,,medium,2024-05-07,https://www.sec.gov/Archives/edgar/data/1822359/000182235924000037/dcgo-20240507.htm
"loanDepot, Inc.",insufficient_data,,[],,,low,2024-11-05,https://www.sec.gov/Archives/edgar/data/1831631/000183163124000266/a3q24investorpresentatio.htm
"Krispy Kreme, Inc.",unknown_unauthorized_access,,[],"operational disruptions, including with online ordering in parts of the U.S.",,low,2025-02-25,https://www.sec.gov/Archives/edgar/data/1857154/000185715425000009/exh991q4pressrelease2024.htm
Equifax,insufficient_data,,[],,,low,2025-02-06,https://www.sec.gov/Archives/edgar/data/33185/000003318525000009/a2024q48-kexhibit991.htm
"MUELLER WATER PRODUCTS, INC.",ransomware,T1486,[],"Disruptions and limitation of access to portions of business applications supporting operations and corporate functions, limiting the company's ability to take orders and ship products, and delaying the filing of the Annual Report on Form 10-K.",,high,2023-11-29,https://www.sec.gov/Archives/edgar/data/1350593/000135059323000054/mwa-20231129.htm
Equifax Inc.,unknown_unauthorized_access,,"['PII', 'SSN', 'financial records', ""driver's licenses"", 'passports', 'taxpayer ID cards', 'names', 'dates of birth', 'address information', 'gender', 'phone numbers', 'email addresses', 'payment card number and expiration date']",,,high,2018-05-07,https://www.sec.gov/Archives/edgar/data/33185/000119312518154706/d583804d8k.htm
"MiniMed Group, Inc.",unknown_unauthorized_access,,[],,,medium,2026-04-27,https://www.sec.gov/Archives/edgar/data/2062583/000110465926049045/tm2612783d1_8k.htm
"loanDepot, Inc.",insufficient_data,,[],,,low,2024-08-06,https://www.sec.gov/Archives/edgar/data/1831631/000183163124000198/a2024q2formearningsrelease.htm
Equifax,insufficient_data,,[],,,high,2024-04-17,https://www.sec.gov/Archives/edgar/data/33185/000003318524000025/exhibit99120240331.htm
"Affirm Holdings, Inc.",third_party_vendor,,"['personal information', 'financial information']",,,high,2024-07-01,https://www.sec.gov/Archives/edgar/data/1820953/000182095324000027/afrm-20240625.htm
Equifax Inc.,unknown_unauthorized_access,,"['PII', 'SSN', ""driver's license information""]",,,medium,2018-03-01,https://www.sec.gov/Archives/edgar/data/33185/000119312518065580/d530771dex991.htm
SBTech (Global) Limited,ransomware,T1486,[],The operation of sports betting and iGaming services of SBTech's customers was interrupted. SBTech shut down its data centers and compensated customers for down time.,,medium,2020-05-15,https://www.sec.gov/Archives/edgar/data/1772757/000110465920062041/tm2019399d1_ex99-4.htm
Freeport-McMoRan Inc.,unknown_unauthorized_access,,[],Limited impact on production to date; transitional solutions being planned and implemented; potential for future disruption.,,low,2023-08-11,https://www.sec.gov/Archives/edgar/data/831259/000119312523210875/d440084dex991.htm
Equifax,insufficient_data,,[],,,low,2022-10-19,https://www.sec.gov/Archives/edgar/data/33185/000003318522000054/exhibit99120220930.htm
Equifax Inc.,insufficient_data,,[],,,low,2024-02-07,https://www.sec.gov/Archives/edgar/data/33185/000003318524000008/a2023q48-kexhibit991.htm
"Ideanomics, Inc.",insufficient_data,,,"caused a delay or disruption to parts of Timios’ business, including its ability to perform its mortgage title, closing and escrow services offerings, and resulted in a systems outage.",,low,2021-08-04,https://www.sec.gov/Archives/edgar/data/837852/000110465921100065/tm2124118d1_8k.htm
"Henry Schein, Inc.",insufficient_data,,[],Business interruption resulting in an estimated reduction of net sales by $350 million to $400 million in the fourth quarter and negative financial impacts on GAAP and non-GAAP net income/diluted EPS.,,low,2024-02-27,https://www.sec.gov/Archives/edgar/data/1000228/000100022824000008/exhibit991.htm
Equifax,insufficient_data,,[],,,high,2025-04-22,https://www.sec.gov/Archives/edgar/data/33185/000003318525000035/exhibit99120250331.htm
Maximus,third_party_vendor,,,"Approximately $22 million expense incurred for total investigation and remediation costs, affecting earnings and guidance.",,medium,2023-08-03,https://www.sec.gov/Archives/edgar/data/1032220/000103222023000064/mms-2023x06x30x8kxex991.htm
RTX Corporation,ransomware,T1486,[],"Customers shifted to back-up or manual processes, experiencing certain flight delays and cancellations.",,high,2025-09-24,https://www.sec.gov/Archives/edgar/data/101829/000010182925000036/rtx-20250919.htm
BK Technologies Corporation,unknown_unauthorized_access,,['records pertaining to current and former employees'],a limited number of non-critical systems experienced minor disruption; operations have continued throughout the period in all material respects,,medium,2025-10-06,https://www.sec.gov/Archives/edgar/data/2186/000143774925030540/bkti20251006_8k.htm
"loanDepot, Inc.",insufficient_data,,,,,low,2024-08-06,https://www.sec.gov/Archives/edgar/data/1831631/000183163124000198/a2q24investorpresentatio.htm
"loanDepot, Inc.",insufficient_data,,[],,,low,2024-11-05,https://www.sec.gov/Archives/edgar/data/1831631/000183163124000266/a2024q3formearningsrelease.htm
ADT Inc.,third_party_vendor,T1078,['employee user account data'],Containment measures have resulted in some disruptions to the Company's information systems.,,high,2024-10-07,https://www.sec.gov/Archives/edgar/data/1703056/000119312524233900/d876174d8k.htm
Medtronic plc,unknown_unauthorized_access,,[],,,medium,2026-04-27,https://www.sec.gov/Archives/edgar/data/1613103/000162828026027272/mdt-20260424.htm
"RCI HOSPITALITY HOLDINGS, INC.",unknown_unauthorized_access,T1190,"['PII', 'names and contact information', 'dates of birth', 'SSN', ""driver's license numbers""]",The incident did not impact the business operations of the Company.,,high,2026-04-13,https://www.sec.gov/Archives/edgar/data/935419/000162828026024806/rick-20260407.htm
Boyd Gaming Corporation,unknown_unauthorized_access,,['PII'],None stated (has had no impact on the Company's properties or business operations),,medium,2025-09-23,https://www.sec.gov/Archives/edgar/data/906553/000119312525213546/d20726d8k.htm
Equifax,insufficient_data,,,,,low,2024-10-16,https://www.sec.gov/Archives/edgar/data/33185/000003318524000055/exhibit99120240930.htm
Equifax,insufficient_data,,[],,,low,2026-02-04,https://www.sec.gov/Archives/edgar/data/33185/000003318526000004/a2025q48-kexhibit991.htm
"PROG Holdings, Inc.",insufficient_data,,[],,,low,2024-10-23,https://www.sec.gov/Archives/edgar/data/1808834/000180883424000111/a2024q3ex991thirdquarter20.htm
"PROG Holdings, Inc.",insufficient_data,,[],,,low,2025-02-19,https://www.sec.gov/Archives/edgar/data/1808834/000180883425000008/a2024q4ex991fourthquarter2.htm
"loanDepot, Inc.",ransomware,T1486,[],The Company shut down certain systems and continues to implement measures to secure its business operations and bring systems back online.,,medium,2024-01-08,https://www.sec.gov/Archives/edgar/data/1831631/000183163124000004/ldi-20240104.htm
Equifax,insufficient_data,,[],,,low,2023-10-18,https://www.sec.gov/Archives/edgar/data/33185/000003318523000040/exhibit99120230930.htm
"Phoenix Education Partners, Inc.",third_party_vendor,T1190,"['names', 'contact information', 'dates of birth', 'social security numbers', 'bank account and routing numbers']",The incident did not impact the business operations or student programming of the Company.,,high,2025-12-02,https://www.sec.gov/Archives/edgar/data/1600222/000095014225003098/eh250711375_8k.htm
"Henry Schein, Inc.",insufficient_data,,[],"Disruption to dental and medical distribution businesses, proactive shutdown of business-critical systems, and ecommerce platform downtime, resulting in an estimated $0.55 to $0.75 per share business interruption impact.",,low,2023-11-13,https://www.sec.gov/Archives/edgar/data/1000228/000100022823000046/exhibit991.htm
Equifax Inc.,unknown_unauthorized_access,,"['PII', 'credit cards']",,,medium,2017-10-02,https://www.sec.gov/Archives/edgar/data/33185/000119312517301130/d335628dex991.htm
"loanDepot, Inc.",insufficient_data,,[],,,low,2025-08-07,https://www.sec.gov/Archives/edgar/data/1831631/000183163125000152/a2q25investorpresentatio.htm
"Mueller Water Products, Inc.",unknown_unauthorized_access,,[],"Disrupted access to certain operational and information technology systems, impacting the Company’s ability to finalize its fiscal 2023 financial statements and postponing its quarterly earnings conference call.",,low,2023-11-03,https://www.sec.gov/Archives/edgar/data/1350593/000135059323000048/pressrelease110323.htm
Equifax,insufficient_data,,[],,,high,2026-04-21,https://www.sec.gov/Archives/edgar/data/33185/000003318526000016/exhibit99120260331.htm
"loanDepot, Inc.",insufficient_data,,[],,,low,2025-05-06,https://www.sec.gov/Archives/edgar/data/1831631/000183163125000080/a2025q1earningsreleaseex991.htm
"loanDepot, Inc.",insufficient_data,,[],,,low,2025-03-11,https://www.sec.gov/Archives/edgar/data/1831631/000183163125000020/a2024q4formearningsrelease.htm
Equifax,insufficient_data,,[],,,high,2025-10-21,https://www.sec.gov/Archives/edgar/data/33185/000003318525000061/exhibit99120250930.htm
JOHNSON CONTROLS INTERNATIONAL PLC,ransomware,T1486,[],"Disruptions and limitation of access to portions of business applications supporting aspects of operations and corporate functions, including systems supporting or providing data used in financial reporting, leading to an expected delay in reporting fiscal 2023 fourth quarter and year-end results.",,medium,2023-11-13,https://www.sec.gov/Archives/edgar/data/833444/000083344423000038/jci-20231113.htm
"PROG Holdings, Inc.",insufficient_data,,[],,,low,2025-07-23,https://www.sec.gov/Archives/edgar/data/1808834/000180883425000095/a2025q2ex991secondquarter2.htm
"loanDepot, Inc.",insufficient_data,,[],,,low,2026-05-05,https://www.sec.gov/Archives/edgar/data/1831631/000183163126000057/a2026q1earningsreleaseex991.htm
MOLSON COORS BEVERAGE COMPANY,insufficient_data,,[],"delay or disruption to parts of the Company's business, including its brewery operations, production, and shipments",,low,2021-03-11,https://www.sec.gov/Archives/edgar/data/24545/000110465921034789/tm219417d1_8k.htm
"PROG Holdings, Inc.",insufficient_data,,[],,,low,2026-02-18,https://www.sec.gov/Archives/edgar/data/1808834/000180883426000011/a2025q4ex991fourthquarter2.htm
"Haynes International, Inc.",unknown_unauthorized_access,,[],"Network outage lasting 11 days causing substantial disruption to manufacturing locations, reduced production volume by 2.5%, reduced net revenues by an estimated $18-$20 million, and compressed gross margins due to lower efficiency and absorption of fixed costs.",,high,2023-08-03,https://www.sec.gov/Archives/edgar/data/858655/000155837023013222/hayn-20230803xex99d1.htm
"Orrstown Financial Services, Inc.",third_party_vendor,,['PII'],,,high,2026-05-29,https://www.sec.gov/Archives/edgar/data/826154/000114036126023313/ef20075213_8k.htm
"loanDepot, Inc.",insufficient_data,,[],,,high,2025-11-06,https://www.sec.gov/Archives/edgar/data/1831631/000183163125000218/a2025q3earningsreleaseex991.htm
Equifax,insufficient_data,,[],,,high,2024-07-17,https://www.sec.gov/Archives/edgar/data/33185/000003318524000042/exhibit99120240630.htm
Willis Lease Finance Corporation,unknown_unauthorized_access,,[],"Took certain systems offline, implemented workarounds for some processes where necessary, but continues to operate and service customers.",,medium,2024-02-09,https://www.sec.gov/Archives/edgar/data/1018164/000101816424000005/wlfc-20240209.htm
DaVita Inc.,insufficient_data,,[],temporary disruption of operations,,low,2025-08-05,https://www.sec.gov/Archives/edgar/data/927066/000092706625000122/dva-63025ex991.htm
"Ardent Health Partners, Inc.",insufficient_data,,[],,,low,2025-01-13,https://www.sec.gov/Archives/edgar/data/1756655/000162828025001368/exhibit99-jpmpresentatio.htm
DaVita Inc.,unknown_unauthorized_access,,[],temporary disruption of operations,,low,2025-10-29,https://www.sec.gov/Archives/edgar/data/927066/000092706625000163/dva-93025ex991.htm
Equifax,insufficient_data,,[],,,low,2026-07-21,https://www.sec.gov/Archives/edgar/data/33185/000003318526000024/exhibit99120260630.htm
The Estée Lauder Companies Inc.,unknown_unauthorized_access,,[],"Disruption to parts of the Company's business operations, requiring the proactive shutdown of some systems.",,low,2023-07-19,https://www.sec.gov/Archives/edgar/data/1001250/000114036123035105/brhc20056073_ex99-1.htm
"loanDepot, Inc.",insufficient_data,,[],,,low,2025-08-07,https://www.sec.gov/Archives/edgar/data/1831631/000183163125000152/a2025q2earningsreleaseex991.htm
"Group 1 Automotive, Inc.",third_party_vendor,,[],"Disrupted business applications and processes in U.S. operations that rely on CDK’s dealers’ systems, requiring dealerships to use alternative processes.",,high,2024-06-24,https://www.sec.gov/Archives/edgar/data/1031203/000103120324000048/exhibit991.htm
"loanDepot, Inc.",insufficient_data,,[],,,low,2026-03-10,https://www.sec.gov/Archives/edgar/data/1831631/000183163126000025/a2025q4earningsreleaseex991.htm
"loanDepot, Inc.",insufficient_data,,[],,,low,2025-03-11,https://www.sec.gov/Archives/edgar/data/1831631/000183163125000020/a4q24investorpresentatio.htm
"CRIMSON WINE GROUP, LTD.",unknown_unauthorized_access,,[],,,low,2024-07-05,https://www.sec.gov/Archives/edgar/data/1562151/000156215124000030/cwgl-20240630.htm
"Ardent Health Partners, Inc.",insufficient_data,,,,,low,2025-05-06,https://www.sec.gov/Archives/edgar/data/1756655/000162828025022722/ardt-q125x8kxex991.htm
Equifax,insufficient_data,,[],,,low,2025-07-22,https://www.sec.gov/Archives/edgar/data/33185/000003318525000049/exhibit99120250630.htm
"PROG Holdings, Inc.",insufficient_data,,[],,,low,2025-10-22,https://www.sec.gov/Archives/edgar/data/1808834/000180883425000110/a2025q3ex991thirdquarter20.htm
"loanDepot, Inc.",insufficient_data,,[],,,low,2025-05-06,https://www.sec.gov/Archives/edgar/data/1831631/000183163125000080/a1q25investorpresentatio.htm
"Mueller Water Products, Inc.",unknown_unauthorized_access,,[],caused and expected to continue to cause delays in parts of the Company's business operations that may adversely impact financial results,,low,2023-10-30,https://www.sec.gov/Archives/edgar/data/1350593/000135059323000046/mwareportscybersecurityi.htm
"TTEC Holdings, Inc.",insufficient_data,,[],One-time revenue loss and expenses related to a cybersecurity incident.,,low,2021-11-10,https://www.sec.gov/Archives/edgar/data/1013880/000110465921136968/tm2132463d1_ex99-1.htm
"Artivion, Inc.",insufficient_data,,[],"A short-term backlog in tissue processing operations leading to a 23% decrease in preservation services revenue, which has since returned to normal operations and standard tissue processing times.",,low,2025-05-05,https://www.sec.gov/Archives/edgar/data/784199/000078419925000069/aort-2025x8k033125ex991.htm
"Caesars Entertainment, Inc.",third_party_vendor,,"['PII', ""driver's license numbers"", 'social security numbers', 'loyalty program database']","None reported for customer-facing operations, physical properties, or online and mobile gaming applications.",,high,2023-09-14,https://www.sec.gov/Archives/edgar/data/1590895/000119312523235015/d537840d8k.htm
"Ardent Health Partners, Inc.",insufficient_data,,[],,,low,2024-11-06,https://www.sec.gov/Archives/edgar/data/1756655/000175665524000010/ardt-q324x8kxex991.htm
Data I/O Corporation,ransomware,T1486,[],"Systems temporarily affected and required remediation, restoration, and investigation totaling approximately $180,000 in expenses, though order flow and deliveries remained on track with no believed loss of revenue.",,medium,2025-09-10,https://www.sec.gov/Archives/edgar/data/351998/000165495425010613/daio_ex990.htm
FXCM Inc.,insufficient_data,,[],,,low,2016-02-01,https://www.sec.gov/Archives/edgar/data/1499912/000114420416078205/v430283_ex99-1.htm
"CADRE HOLDINGS, INC.",unknown_unauthorized_access,,[],"Certain of the Company’s operations have been affected, and certain systems were taken offline.",,low,2024-07-19,https://www.sec.gov/Archives/edgar/data/1860543/000110465924081176/tm2419841d1_8k.htm
"Ardent Health, Inc.",insufficient_data,,[],,,low,2025-08-05,https://www.sec.gov/Archives/edgar/data/1756655/000175665525000013/ardt-q225x8kxex991.htm
"Phoenix Education Partners, Inc.",insufficient_data,,[],,,low,2026-04-07,https://www.sec.gov/Archives/edgar/data/1600222/000119312526145522/pxed-ex99_1.htm
Navistar International Corporation,unknown_unauthorized_access,,[],,,medium,2021-06-07,https://www.sec.gov/Archives/edgar/data/808450/000119312521183688/d13020d8k.htm
"PROG Holdings, Inc.",insufficient_data,,[],,,low,2023-10-25,https://www.sec.gov/Archives/edgar/data/1808834/000180883423000104/a2023q3ex991thirdquarter20.htm
"loanDepot, Inc.",insufficient_data,,[],"Systems were taken offline temporarily, inability to take customer locks, lost revenue, and additional expenses totaling $15 million in direct net charges and an estimated $22 million impact on revenue.",,low,2024-05-07,https://www.sec.gov/Archives/edgar/data/1831631/000183163124000110/a2024q1formearningsrelease.htm
Equifax Inc.,unknown_unauthorized_access,,['PII'],,,medium,2019-07-22,https://www.sec.gov/Archives/edgar/data/33185/000119312519198584/d734596d8k.htm
Key Tronic Corporation,insufficient_data,,[],"Disruptions and limited access to portions of business applications supporting operations and corporate functions, including financial and operating reporting systems, at Mexico and U.S. sites, resulting in approximately $15 million of lost revenue and $2.3 million of additional expenses.",,medium,2024-08-02,https://www.sec.gov/Archives/edgar/data/719733/000071973324000044/q42024preliminaryexhibit991.htm
FXCM Inc.,insufficient_data,,[],,,low,2016-01-26,https://www.sec.gov/Archives/edgar/data/1499912/000114420416077020/v429700_ex99-1.htm
